event_date,admin1,total_fatalities,total_events,population
2024-06-05,Rangpur,0.0,0.0,18000000.0
2024-06-05,Dhaka,1.0,4.0,44200000.0
2024-06-05,Chittagong,1.0,1.0,33200000.000000004
2024-06-05,Khulna,0.0,0.0,17800000.0
2024-06-05,Rajshahi,0.0,0.0,20300000.0
2024-06-05,Barisal,0.0,1.0,9100000.0
2024-06-05,Mymensingh,0.0,1.0,12300000.0
2024-06-05,Sylhet,0.0,0.0,12300000.0
2024-06-06,Rangpur,0.0,0.0,18000000.0
2024-06-06,Dhaka,0.0,5.0,44200000.0
2024-06-06,Chittagong,0.0,0.0,33200000.000000004
2024-06-06,Khulna,0.0,0.0,17800000.0
2024-06-06,Rajshahi,1.0,2.0,20300000.0
2024-06-06,Barisal,0.0,0.0,9100000.0
2024-06-06,Mymensingh,0.0,0.0,12300000.0
2024-06-06,Sylhet,0.0,0.0,12300000.0
2024-06-07,Rangpur,0.0,1.0,18000000.0
2024-06-07,Dhaka,0.0,1.0,44200000.0
2024-06-07,Chittagong,0.0,5.0,33200000.000000004
2024-06-07,Khulna,1.0,2.0,17800000.0
2024-06-07,Rajshahi,0.0,0.0,20300000.0
2024-06-07,Barisal,0.0,0.0,9100000.0
2024-06-07,Mymensingh,0.0,0.0,12300000.0
2024-06-07,Sylhet,0.0,1.0,12300000.0
2024-06-08,Rangpur,0.0,0.0,18000000.0
2024-06-08,Dhaka,0.0,2.0,44200000.0
2024-06-08,Chittagong,1.0,3.0,33200000.000000004
2024-06-08,Khulna,0.0,2.0,17800000.0
2024-06-08,Rajshahi,2.0,3.0,20300000.0
2024-06-08,Barisal,0.0,0.0,9100000.0
2024-06-08,Mymensingh,0.0,1.0,12300000.0
2024-06-08,Sylhet,0.0,0.0,12300000.0
2024-06-09,Rangpur,0.0,0.0,18000000.0
2024-06-09,Dhaka,0.0,3.0,44200000.0
2024-06-09,Chittagong,0.0,1.0,33200000.000000004
2024-06-09,Khulna,0.0,2.0,17800000.0
2024-06-09,Rajshahi,0.0,1.0,20300000.0
2024-06-09,Barisal,0.0,7.0,9100000.0
2024-06-09,Mymensingh,0.0,1.0,12300000.0
2024-06-09,Sylhet,0.0,0.0,12300000.0
2024-06-10,Rangpur,0.0,0.0,18000000.0
2024-06-10,Dhaka,0.0,1.0,44200000.0
2024-06-10,Chittagong,4.0,4.0,33200000.000000004
2024-06-10,Khulna,0.0,0.0,17800000.0
2024-06-10,Rajshahi,0.0,0.0,20300000.0
2024-06-10,Barisal,0.0,3.0,9100000.0
2024-06-10,Mymensingh,0.0,1.0,12300000.0
2024-06-10,Sylhet,0.0,0.0,12300000.0
2024-06-11,Rangpur,0.0,0.0,18000000.0
2024-06-11,Dhaka,0.0,1.0,44200000.0
2024-06-11,Chittagong,2.0,2.0,33200000.000000004
2024-06-11,Khulna,0.0,0.0,17800000.0
2024-06-11,Rajshahi,0.0,1.0,20300000.0
2024-06-11,Barisal,0.0,3.0,9100000.0
2024-06-11,Mymensingh,0.0,0.0,12300000.0
2024-06-11,Sylhet,0.0,0.0,12300000.0
2024-06-12,Rangpur,0.0,1.0,18000000.0
2024-06-12,Dhaka,0.0,2.0,44200000.0
2024-06-12,Chittagong,0.0,0.0,33200000.000000004
2024-06-12,Khulna,0.0,1.0,17800000.0
2024-06-12,Rajshahi,0.0,0.0,20300000.0
2024-06-12,Barisal,0.0,0.0,9100000.0
2024-06-12,Mymensingh,0.0,0.0,12300000.0
2024-06-12,Sylhet,0.0,0.0,12300000.0
2024-06-13,Rangpur,0.0,1.0,18000000.0
2024-06-13,Dhaka,0.0,3.0,44200000.0
2024-06-13,Chittagong,0.0,0.0,33200000.000000004
2024-06-13,Khulna,0.0,0.0,17800000.0
2024-06-13,Rajshahi,0.0,2.0,20300000.0
2024-06-13,Barisal,0.0,0.0,9100000.0
2024-06-13,Mymensingh,0.0,1.0,12300000.0
2024-06-13,Sylhet,0.0,0.0,12300000.0
2024-06-14,Rangpur,0.0,1.0,18000000.0
2024-06-14,Dhaka,0.0,1.0,44200000.0
2024-06-14,Chittagong,0.0,1.0,33200000.000000004
2024-06-14,Khulna,0.0,0.0,17800000.0
2024-06-14,Rajshahi,0.0,1.0,20300000.0
2024-06-14,Barisal,0.0,0.0,9100000.0
2024-06-14,Mymensingh,0.0,0.0,12300000.0
2024-06-14,Sylhet,0.0,0.0,12300000.0
2024-06-15,Rangpur,0.0,0.0,18000000.0
2024-06-15,Dhaka,0.0,1.0,44200000.0
2024-06-15,Chittagong,0.0,1.0,33200000.000000004
2024-06-15,Khulna,0.0,0.0,17800000.0
2024-06-15,Rajshahi,0.0,0.0,20300000.0
2024-06-15,Barisal,0.0,0.0,9100000.0
2024-06-15,Mymensingh,0.0,0.0,12300000.0
2024-06-15,Sylhet,0.0,0.0,12300000.0
2024-06-16,Rangpur,0.0,0.0,18000000.0
2024-06-16,Dhaka,1.0,2.0,44200000.0
2024-06-16,Chittagong,0.0,1.0,33200000.000000004
2024-06-16,Khulna,0.0,0.0,17800000.0
2024-06-16,Rajshahi,0.0,1.0,20300000.0
2024-06-16,Barisal,0.0,0.0,9100000.0
2024-06-16,Mymensingh,1.0,1.0,12300000.0
2024-06-16,Sylhet,0.0,0.0,12300000.0
2024-06-17,Rangpur,0.0,0.0,18000000.0
2024-06-17,Dhaka,0.0,0.0,44200000.0
2024-06-17,Chittagong,0.0,0.0,33200000.000000004
2024-06-17,Khulna,0.0,0.0,17800000.0
2024-06-17,Rajshahi,0.0,0.0,20300000.0
2024-06-17,Barisal,0.0,0.0,9100000.0
2024-06-17,Mymensingh,0.0,0.0,12300000.0
2024-06-17,Sylhet,0.0,0.0,12300000.0
2024-06-18,Rangpur,0.0,0.0,18000000.0
2024-06-18,Dhaka,0.0,1.0,44200000.0
2024-06-18,Chittagong,1.0,1.0,33200000.000000004
2024-06-18,Khulna,0.0,0.0,17800000.0
2024-06-18,Rajshahi,0.0,0.0,20300000.0
2024-06-18,Barisal,0.0,0.0,9100000.0
2024-06-18,Mymensingh,0.0,0.0,12300000.0
2024-06-18,Sylhet,0.0,0.0,12300000.0
2024-06-19,Rangpur,0.0,0.0,18000000.0
2024-06-19,Dhaka,0.0,1.0,44200000.0
2024-06-19,Chittagong,0.0,0.0,33200000.000000004
2024-06-19,Khulna,0.0,2.0,17800000.0
2024-06-19,Rajshahi,0.0,0.0,20300000.0
2024-06-19,Barisal,0.0,0.0,9100000.0
2024-06-19,Mymensingh,0.0,0.0,12300000.0
2024-06-19,Sylhet,0.0,0.0,12300000.0
2024-06-20,Rangpur,0.0,0.0,18000000.0
2024-06-20,Dhaka,0.0,1.0,44200000.0
2024-06-20,Chittagong,0.0,0.0,33200000.000000004
2024-06-20,Khulna,0.0,1.0,17800000.0
2024-06-20,Rajshahi,0.0,0.0,20300000.0
2024-06-20,Barisal,0.0,1.0,9100000.0
2024-06-20,Mymensingh,0.0,0.0,12300000.0
2024-06-20,Sylhet,0.0,0.0,12300000.0
2024-06-21,Rangpur,0.0,0.0,18000000.0
2024-06-21,Dhaka,0.0,1.0,44200000.0
2024-06-21,Chittagong,0.0,0.0,33200000.000000004
2024-06-21,Khulna,0.0,0.0,17800000.0
2024-06-21,Rajshahi,1.0,1.0,20300000.0
2024-06-21,Barisal,0.0,0.0,9100000.0
2024-06-21,Mymensingh,0.0,0.0,12300000.0
2024-06-21,Sylhet,0.0,0.0,12300000.0
2024-06-22,Rangpur,0.0,0.0,18000000.0
2024-06-22,Dhaka,1.0,3.0,44200000.0
2024-06-22,Chittagong,0.0,0.0,33200000.000000004
2024-06-22,Khulna,0.0,0.0,17800000.0
2024-06-22,Rajshahi,1.0,2.0,20300000.0
2024-06-22,Barisal,0.0,0.0,9100000.0
2024-06-22,Mymensingh,0.0,0.0,12300000.0
2024-06-22,Sylhet,0.0,0.0,12300000.0
2024-06-23,Rangpur,0.0,0.0,18000000.0
2024-06-23,Dhaka,0.0,1.0,44200000.0
2024-06-23,Chittagong,0.0,0.0,33200000.000000004
2024-06-23,Khulna,0.0,0.0,17800000.0
2024-06-23,Rajshahi,0.0,0.0,20300000.0
2024-06-23,Barisal,0.0,0.0,9100000.0
2024-06-23,Mymensingh,0.0,0.0,12300000.0
2024-06-23,Sylhet,0.0,0.0,12300000.0
2024-06-24,Rangpur,0.0,0.0,18000000.0
2024-06-24,Dhaka,0.0,2.0,44200000.0
2024-06-24,Chittagong,0.0,0.0,33200000.000000004
2024-06-24,Khulna,1.0,1.0,17800000.0
2024-06-24,Rajshahi,0.0,0.0,20300000.0
2024-06-24,Barisal,0.0,0.0,9100000.0
2024-06-24,Mymensingh,0.0,0.0,12300000.0
2024-06-24,Sylhet,0.0,0.0,12300000.0
2024-06-25,Rangpur,0.0,0.0,18000000.0
2024-06-25,Dhaka,0.0,3.0,44200000.0
2024-06-25,Chittagong,0.0,1.0,33200000.000000004
2024-06-25,Khulna,0.0,0.0,17800000.0
2024-06-25,Rajshahi,0.0,0.0,20300000.0
2024-06-25,Barisal,0.0,0.0,9100000.0
2024-06-25,Mymensingh,0.0,0.0,12300000.0
2024-06-25,Sylhet,0.0,1.0,12300000.0
2024-06-26,Rangpur,0.0,0.0,18000000.0
2024-06-26,Dhaka,0.0,2.0,44200000.0
2024-06-26,Chittagong,1.0,1.0,33200000.000000004
2024-06-26,Khulna,0.0,1.0,17800000.0
2024-06-26,Rajshahi,0.0,1.0,20300000.0
2024-06-26,Barisal,0.0,0.0,9100000.0
2024-06-26,Mymensingh,0.0,0.0,12300000.0
2024-06-26,Sylhet,0.0,0.0,12300000.0
2024-06-27,Rangpur,0.0,1.0,18000000.0
2024-06-27,Dhaka,1.0,1.0,44200000.0
2024-06-27,Chittagong,1.0,1.0,33200000.000000004
2024-06-27,Khulna,0.0,2.0,17800000.0
2024-06-27,Rajshahi,2.0,2.0,20300000.0
2024-06-27,Barisal,0.0,0.0,9100000.0
2024-06-27,Mymensingh,0.0,0.0,12300000.0
2024-06-27,Sylhet,0.0,1.0,12300000.0
2024-06-28,Rangpur,0.0,1.0,18000000.0
2024-06-28,Dhaka,0.0,1.0,44200000.0
2024-06-28,Chittagong,0.0,0.0,33200000.000000004
2024-06-28,Khulna,0.0,0.0,17800000.0
2024-06-28,Rajshahi,0.0,1.0,20300000.0
2024-06-28,Barisal,0.0,0.0,9100000.0
2024-06-28,Mymensingh,0.0,0.0,12300000.0
2024-06-28,Sylhet,0.0,0.0,12300000.0
2024-06-29,Rangpur,0.0,0.0,18000000.0
2024-06-29,Dhaka,0.0,3.0,44200000.0
2024-06-29,Chittagong,0.0,1.0,33200000.000000004
2024-06-29,Khulna,0.0,0.0,17800000.0
2024-06-29,Rajshahi,0.0,1.0,20300000.0
2024-06-29,Barisal,0.0,0.0,9100000.0
2024-06-29,Mymensingh,1.0,1.0,12300000.0
2024-06-29,Sylhet,0.0,0.0,12300000.0
2024-06-30,Rangpur,0.0,0.0,18000000.0
2024-06-30,Dhaka,0.0,1.0,44200000.0
2024-06-30,Chittagong,0.0,1.0,33200000.000000004
2024-06-30,Khulna,0.0,0.0,17800000.0
2024-06-30,Rajshahi,0.0,1.0,20300000.0
2024-06-30,Barisal,0.0,0.0,9100000.0
2024-06-30,Mymensingh,0.0,0.0,12300000.0
2024-06-30,Sylhet,0.0,0.0,12300000.0
2024-07-01,Rangpur,0.0,1.0,18000000.0
2024-07-01,Dhaka,0.0,1.0,44200000.0
2024-07-01,Chittagong,0.0,0.0,33200000.000000004
2024-07-01,Khulna,0.0,0.0,17800000.0
2024-07-01,Rajshahi,0.0,2.0,20300000.0
2024-07-01,Barisal,0.0,1.0,9100000.0
2024-07-01,Mymensingh,0.0,1.0,12300000.0
2024-07-01,Sylhet,0.0,1.0,12300000.0
2024-07-02,Rangpur,0.0,2.0,18000000.0
2024-07-02,Dhaka,0.0,6.0,44200000.0
2024-07-02,Chittagong,1.0,2.0,33200000.000000004
2024-07-02,Khulna,0.0,2.0,17800000.0
2024-07-02,Rajshahi,0.0,2.0,20300000.0
2024-07-02,Barisal,0.0,2.0,9100000.0
2024-07-02,Mymensingh,0.0,0.0,12300000.0
2024-07-02,Sylhet,0.0,0.0,12300000.0
2024-07-03,Rangpur,0.0,0.0,18000000.0
2024-07-03,Dhaka,0.0,4.0,44200000.0
2024-07-03,Chittagong,1.0,2.0,33200000.000000004
2024-07-03,Khulna,0.0,1.0,17800000.0
2024-07-03,Rajshahi,0.0,1.0,20300000.0
2024-07-03,Barisal,0.0,1.0,9100000.0
2024-07-03,Mymensingh,0.0,2.0,12300000.0
2024-07-03,Sylhet,0.0,0.0,12300000.0
2024-07-04,Rangpur,0.0,0.0,18000000.0
2024-07-04,Dhaka,0.0,3.0,44200000.0
2024-07-04,Chittagong,0.0,1.0,33200000.000000004
2024-07-04,Khulna,1.0,2.0,17800000.0
2024-07-04,Rajshahi,0.0,2.0,20300000.0
2024-07-04,Barisal,0.0,1.0,9100000.0
2024-07-04,Mymensingh,0.0,1.0,12300000.0
2024-07-04,Sylhet,0.0,0.0,12300000.0
2024-07-05,Rangpur,0.0,0.0,18000000.0
2024-07-05,Dhaka,0.0,5.0,44200000.0
2024-07-05,Chittagong,0.0,1.0,33200000.000000004
2024-07-05,Khulna,0.0,1.0,17800000.0
2024-07-05,Rajshahi,0.0,1.0,20300000.0
2024-07-05,Barisal,0.0,0.0,9100000.0
2024-07-05,Mymensingh,0.0,0.0,12300000.0
2024-07-05,Sylhet,0.0,0.0,12300000.0
2024-07-06,Rangpur,0.0,0.0,18000000.0
2024-07-06,Dhaka,0.0,4.0,44200000.0
2024-07-06,Chittagong,0.0,0.0,33200000.000000004
2024-07-06,Khulna,1.0,1.0,17800000.0
2024-07-06,Rajshahi,0.0,1.0,20300000.0
2024-07-06,Barisal,0.0,0.0,9100000.0
2024-07-06,Mymensingh,0.0,1.0,12300000.0
2024-07-06,Sylhet,0.0,0.0,12300000.0
2024-07-07,Rangpur,0.0,0.0,18000000.0
2024-07-07,Dhaka,0.0,5.0,44200000.0
2024-07-07,Chittagong,1.0,2.0,33200000.000000004
2024-07-07,Khulna,0.0,1.0,17800000.0
2024-07-07,Rajshahi,0.0,0.0,20300000.0
2024-07-07,Barisal,0.0,2.0,9100000.0
2024-07-07,Mymensingh,0.0,0.0,12300000.0
2024-07-07,Sylhet,0.0,0.0,12300000.0
2024-07-08,Rangpur,0.0,1.0,18000000.0
2024-07-08,Dhaka,0.0,4.0,44200000.0
2024-07-08,Chittagong,1.0,2.0,33200000.000000004
2024-07-08,Khulna,1.0,2.0,17800000.0
2024-07-08,Rajshahi,0.0,1.0,20300000.0
2024-07-08,Barisal,0.0,0.0,9100000.0
2024-07-08,Mymensingh,0.0,2.0,12300000.0
2024-07-08,Sylhet,0.0,0.0,12300000.0
2024-07-09,Rangpur,0.0,0.0,18000000.0
2024-07-09,Dhaka,0.0,2.0,44200000.0
2024-07-09,Chittagong,0.0,2.0,33200000.000000004
2024-07-09,Khulna,0.0,1.0,17800000.0
2024-07-09,Rajshahi,0.0,2.0,20300000.0
2024-07-09,Barisal,0.0,0.0,9100000.0
2024-07-09,Mymensingh,0.0,1.0,12300000.0
2024-07-09,Sylhet,0.0,1.0,12300000.0
2024-07-10,Rangpur,0.0,0.0,18000000.0
2024-07-10,Dhaka,0.0,9.0,44200000.0
2024-07-10,Chittagong,0.0,1.0,33200000.000000004
2024-07-10,Khulna,0.0,1.0,17800000.0
2024-07-10,Rajshahi,0.0,1.0,20300000.0
2024-07-10,Barisal,0.0,0.0,9100000.0
2024-07-10,Mymensingh,0.0,1.0,12300000.0
2024-07-10,Sylhet,0.0,0.0,12300000.0
2024-07-11,Rangpur,0.0,0.0,18000000.0
2024-07-11,Dhaka,0.0,4.0,44200000.0
2024-07-11,Chittagong,0.0,2.0,33200000.000000004
2024-07-11,Khulna,0.0,0.0,17800000.0
2024-07-11,Rajshahi,0.0,0.0,20300000.0
2024-07-11,Barisal,0.0,1.0,9100000.0
2024-07-11,Mymensingh,0.0,0.0,12300000.0
2024-07-11,Sylhet,0.0,1.0,12300000.0
2024-07-12,Rangpur,0.0,0.0,18000000.0
2024-07-12,Dhaka,0.0,5.0,44200000.0
2024-07-12,Chittagong,0.0,5.0,33200000.000000004
2024-07-12,Khulna,0.0,0.0,17800000.0
2024-07-12,Rajshahi,0.0,1.0,20300000.0
2024-07-12,Barisal,0.0,0.0,9100000.0
2024-07-12,Mymensingh,0.0,0.0,12300000.0
2024-07-12,Sylhet,0.0,0.0,12300000.0
2024-07-13,Rangpur,0.0,0.0,18000000.0
2024-07-13,Dhaka,0.0,3.0,44200000.0
2024-07-13,Chittagong,0.0,0.0,33200000.000000004
2024-07-13,Khulna,0.0,0.0,17800000.0
2024-07-13,Rajshahi,0.0,0.0,20300000.0
2024-07-13,Barisal,0.0,2.0,9100000.0
2024-07-13,Mymensingh,0.0,0.0,12300000.0
2024-07-13,Sylhet,0.0,0.0,12300000.0
2024-07-14,Rangpur,0.0,0.0,18000000.0
2024-07-14,Dhaka,0.0,6.0,44200000.0
2024-07-14,Chittagong,0.0,2.0,33200000.000000004
2024-07-14,Khulna,0.0,1.0,17800000.0
2024-07-14,Rajshahi,0.0,1.0,20300000.0
2024-07-14,Barisal,0.0,0.0,9100000.0
2024-07-14,Mymensingh,0.0,1.0,12300000.0
2024-07-14,Sylhet,0.0,2.0,12300000.0
2024-07-15,Rangpur,0.0,2.0,18000000.0
2024-07-15,Dhaka,0.0,6.0,44200000.0
2024-07-15,Chittagong,0.0,2.0,33200000.000000004
2024-07-15,Khulna,0.0,6.0,17800000.0
2024-07-15,Rajshahi,0.0,1.0,20300000.0
2024-07-15,Barisal,0.0,2.0,9100000.0
2024-07-15,Mymensingh,0.0,1.0,12300000.0
2024-07-15,Sylhet,0.0,1.0,12300000.0
2024-07-16,Rangpur,1.0,3.0,18000000.0
2024-07-16,Dhaka,2.0,15.0,44200000.0
2024-07-16,Chittagong,3.0,3.0,33200000.000000004
2024-07-16,Khulna,0.0,0.0,17800000.0
2024-07-16,Rajshahi,0.0,2.0,20300000.0
2024-07-16,Barisal,0.0,1.0,9100000.0
2024-07-16,Mymensingh,0.0,0.0,12300000.0
2024-07-16,Sylhet,0.0,0.0,12300000.0
2024-07-17,Rangpur,0.0,3.0,18000000.0
2024-07-17,Dhaka,2.0,3.0,44200000.0
2024-07-17,Chittagong,0.0,0.0,33200000.000000004
2024-07-17,Khulna,0.0,0.0,17800000.0
2024-07-17,Rajshahi,0.0,0.0,20300000.0
2024-07-17,Barisal,0.0,0.0,9100000.0
2024-07-17,Mymensingh,0.0,0.0,12300000.0
2024-07-17,Sylhet,0.0,1.0,12300000.0
2024-07-18,Rangpur,1.0,4.0,18000000.0
2024-07-18,Dhaka,38.0,28.0,44200000.0
2024-07-18,Chittagong,5.0,5.0,33200000.000000004
2024-07-18,Khulna,0.0,3.0,17800000.0
2024-07-18,Rajshahi,0.0,7.0,20300000.0
2024-07-18,Barisal,0.0,1.0,9100000.0
2024-07-18,Mymensingh,0.0,3.0,12300000.0
2024-07-18,Sylhet,0.0,1.0,12300000.0
2024-07-19,Rangpur,5.0,2.0,18000000.0
2024-07-19,Dhaka,74.0,25.0,44200000.0
2024-07-19,Chittagong,1.0,5.0,33200000.000000004
2024-07-19,Khulna,0.0,0.0,17800000.0
2024-07-19,Rajshahi,2.0,5.0,20300000.0
2024-07-19,Barisal,0.0,1.0,9100000.0
2024-07-19,Mymensingh,1.0,1.0,12300000.0
2024-07-19,Sylhet,1.0,1.0,12300000.0
2024-07-20,Rangpur,0.0,0.0,18000000.0
2024-07-20,Dhaka,42.0,19.0,44200000.0
2024-07-20,Chittagong,0.0,0.0,33200000.000000004
2024-07-20,Khulna,0.0,0.0,17800000.0
2024-07-20,Rajshahi,0.0,1.0,20300000.0
2024-07-20,Barisal,0.0,0.0,9100000.0
2024-07-20,Mymensingh,5.0,2.0,12300000.0
2024-07-20,Sylhet,0.0,1.0,12300000.0
2024-07-21,Rangpur,0.0,0.0,18000000.0
2024-07-21,Dhaka,19.0,17.0,44200000.0
2024-07-21,Chittagong,0.0,2.0,33200000.000000004
2024-07-21,Khulna,0.0,1.0,17800000.0
2024-07-21,Rajshahi,0.0,0.0,20300000.0
2024-07-21,Barisal,0.0,1.0,9100000.0
2024-07-21,Mymensingh,0.0,0.0,12300000.0
2024-07-21,Sylhet,0.0,0.0,12300000.0
2024-07-22,Rangpur,0.0,0.0,18000000.0
2024-07-22,Dhaka,0.0,0.0,44200000.0
2024-07-22,Chittagong,0.0,0.0,33200000.000000004
2024-07-22,Khulna,0.0,0.0,17800000.0
2024-07-22,Rajshahi,0.0,0.0,20300000.0
2024-07-22,Barisal,0.0,0.0,9100000.0
2024-07-22,Mymensingh,0.0,0.0,12300000.0
2024-07-22,Sylhet,0.0,0.0,12300000.0
2024-07-23,Rangpur,0.0,0.0,18000000.0
2024-07-23,Dhaka,0.0,1.0,44200000.0
2024-07-23,Chittagong,0.0,0.0,33200000.000000004
2024-07-23,Khulna,0.0,0.0,17800000.0
2024-07-23,Rajshahi,0.0,0.0,20300000.0
2024-07-23,Barisal,0.0,0.0,9100000.0
2024-07-23,Mymensingh,0.0,0.0,12300000.0
2024-07-23,Sylhet,0.0,0.0,12300000.0
2024-07-24,Rangpur,0.0,1.0,18000000.0
2024-07-24,Dhaka,0.0,4.0,44200000.0
2024-07-24,Chittagong,2.0,2.0,33200000.000000004
2024-07-24,Khulna,0.0,0.0,17800000.0
2024-07-24,Rajshahi,0.0,3.0,20300000.0
2024-07-24,Barisal,1.0,1.0,9100000.0
2024-07-24,Mymensingh,0.0,0.0,12300000.0
2024-07-24,Sylhet,0.0,0.0,12300000.0
2024-07-25,Rangpur,0.0,0.0,18000000.0
2024-07-25,Dhaka,0.0,0.0,44200000.0
2024-07-25,Chittagong,0.0,0.0,33200000.000000004
2024-07-25,Khulna,0.0,1.0,17800000.0
2024-07-25,Rajshahi,0.0,1.0,20300000.0
2024-07-25,Barisal,0.0,0.0,9100000.0
2024-07-25,Mymensingh,0.0,0.0,12300000.0
2024-07-25,Sylhet,0.0,0.0,12300000.0
2024-07-26,Rangpur,0.0,0.0,18000000.0
2024-07-26,Dhaka,0.0,2.0,44200000.0
2024-07-26,Chittagong,0.0,0.0,33200000.000000004
2024-07-26,Khulna,0.0,0.0,17800000.0
2024-07-26,Rajshahi,0.0,0.0,20300000.0
2024-07-26,Barisal,0.0,1.0,9100000.0
2024-07-26,Mymensingh,0.0,0.0,12300000.0
2024-07-26,Sylhet,0.0,0.0,12300000.0
2024-07-27,Rangpur,0.0,0.0,18000000.0
2024-07-27,Dhaka,0.0,3.0,44200000.0
2024-07-27,Chittagong,1.0,1.0,33200000.000000004
2024-07-27,Khulna,0.0,0.0,17800000.0
2024-07-27,Rajshahi,0.0,0.0,20300000.0
2024-07-27,Barisal,0.0,0.0,9100000.0
2024-07-27,Mymensingh,0.0,0.0,12300000.0
2024-07-27,Sylhet,0.0,0.0,12300000.0
2024-07-28,Rangpur,0.0,0.0,18000000.0
2024-07-28,Dhaka,0.0,4.0,44200000.0
2024-07-28,Chittagong,0.0,0.0,33200000.000000004
2024-07-28,Khulna,0.0,0.0,17800000.0
2024-07-28,Rajshahi,0.0,0.0,20300000.0
2024-07-28,Barisal,0.0,0.0,9100000.0
2024-07-28,Mymensingh,0.0,0.0,12300000.0
2024-07-28,Sylhet,0.0,0.0,12300000.0
2024-07-29,Rangpur,0.0,1.0,18000000.0
2024-07-29,Dhaka,1.0,11.0,44200000.0
2024-07-29,Chittagong,0.0,3.0,33200000.000000004
2024-07-29,Khulna,0.0,2.0,17800000.0
2024-07-29,Rajshahi,0.0,2.0,20300000.0
2024-07-29,Barisal,0.0,1.0,9100000.0
2024-07-29,Mymensingh,0.0,1.0,12300000.0
2024-07-29,Sylhet,0.0,1.0,12300000.0
2024-07-30,Rangpur,0.0,1.0,18000000.0
2024-07-30,Dhaka,0.0,4.0,44200000.0
2024-07-30,Chittagong,0.0,0.0,33200000.000000004
2024-07-30,Khulna,0.0,2.0,17800000.0
2024-07-30,Rajshahi,0.0,1.0,20300000.0
2024-07-30,Barisal,0.0,0.0,9100000.0
2024-07-30,Mymensingh,0.0,0.0,12300000.0
2024-07-30,Sylhet,0.0,1.0,12300000.0
2024-07-31,Rangpur,0.0,2.0,18000000.0
2024-07-31,Dhaka,1.0,9.0,44200000.0
2024-07-31,Chittagong,1.0,5.0,33200000.000000004
2024-07-31,Khulna,0.0,3.0,17800000.0
2024-07-31,Rajshahi,0.0,3.0,20300000.0
2024-07-31,Barisal,0.0,1.0,9100000.0
2024-07-31,Mymensingh,0.0,1.0,12300000.0
2024-07-31,Sylhet,0.0,3.0,12300000.0
2024-08-01,Rangpur,0.0,2.0,18000000.0
2024-08-01,Dhaka,1.0,12.0,44200000.0
2024-08-01,Chittagong,0.0,5.0,33200000.000000004
2024-08-01,Khulna,0.0,2.0,17800000.0
2024-08-01,Rajshahi,0.0,2.0,20300000.0
2024-08-01,Barisal,0.0,2.0,9100000.0
2024-08-01,Mymensingh,0.0,1.0,12300000.0
2024-08-01,Sylhet,0.0,1.0,12300000.0
2024-08-02,Rangpur,0.0,1.0,18000000.0
2024-08-02,Dhaka,0.0,14.0,44200000.0
2024-08-02,Chittagong,0.0,4.0,33200000.000000004
2024-08-02,Khulna,1.0,1.0,17800000.0
2024-08-02,Rajshahi,0.0,1.0,20300000.0
2024-08-02,Barisal,0.0,0.0,9100000.0
2024-08-02,Mymensingh,0.0,0.0,12300000.0
2024-08-02,Sylhet,1.0,2.0,12300000.0
2024-08-03,Rangpur,0.0,1.0,18000000.0
2024-08-03,Dhaka,2.0,16.0,44200000.0
2024-08-03,Chittagong,1.0,5.0,33200000.000000004
2024-08-03,Khulna,0.0,3.0,17800000.0
2024-08-03,Rajshahi,0.0,6.0,20300000.0
2024-08-03,Barisal,0.0,1.0,9100000.0
2024-08-03,Mymensingh,0.0,2.0,12300000.0
2024-08-03,Sylhet,0.0,2.0,12300000.0
2024-08-04,Rangpur,5.0,11.0,18000000.0
2024-08-04,Dhaka,30.0,30.0,44200000.0
2024-08-04,Chittagong,26.0,15.0,33200000.000000004
2024-08-04,Khulna,4.0,8.0,17800000.0
2024-08-04,Rajshahi,43.0,15.0,20300000.0
2024-08-04,Barisal,4.0,4.0,9100000.0
2024-08-04,Mymensingh,0.0,1.0,12300000.0
2024-08-04,Sylhet,5.0,6.0,12300000.0
2024-08-05,Rangpur,8.0,9.0,18000000.0
2024-08-05,Dhaka,112.0,42.0,44200000.0
2024-08-05,Chittagong,19.0,26.0,33200000.000000004
2024-08-05,Khulna,50.0,27.0,17800000.0
2024-08-05,Rajshahi,8.0,11.0,20300000.0
2024-08-05,Barisal,3.0,10.0,9100000.0
2024-08-05,Mymensingh,0.0,3.0,12300000.0
2024-08-05,Sylhet,10.0,4.0,12300000.0
